Año,Trimestre,ADSL,Cablemodem,Fibra óptica,Wireless,Otros,Total,Periodo,KPI
2014,1,3697066,2407330,150323,70749,72930,6398398,Ene-Mar 2014,0.0
2014,2,3708882,2461670,149363,72405,72148,6464468,Abr-Jun 2014,-0.6386248278706519
2014,3,3714764,2569868,155494,85096,70049,6595271,Jul-Sept 2014,4.104764901615527
2014,4,3764038,2536219,149682,76984,71573,6598496,Oct-Dic 2014,-3.737764801214195
2015,1,3756153,2668248,168188,79098,66045,6737732,Ene-Mar 2015,12.363544046712363
2015,2,3767821,2756294,150839,82077,59157,6816188,Abr-Jun 2015,-10.315242466763385
2015,3,3788696,2840203,162663,84530,58976,6935068,Jul-Sept 2015,7.8388215249371855
2015,4,3803024,2898226,139187,85726,58668,6984831,Oct-Dic 2015,-14.432292531184105
2016,1,3792493,2806359,164371,85370,58763,6907356,Ene-Mar 2016,18.09364380294137
2016,2,3782085,3035272,167788,85452,59482,7130079,Abr-Jun 2016,2.0788338575539482
2016,3,3776442,3124855,169898,81455,54300,7206950,Jul-Sept 2016,1.2575392757527357
2016,4,3722794,3210602,178070,85119,55088,7251673,Oct-Dic 2016,4.809944790403653
2017,1,3708898,3276251,180146,84813,55746,7305854,Ene-Mar 2017,1.165833660919863
2017,2,3723518,3383434,180777,85813,56122,7429664,Abr-Jun 2017,0.3502714464933998
2017,3,3622575,3670221,193964,106443,131740,7724943,Jul-Sept 2017,7.294622656643268
2017,4,3584311,3818157,211425,155775,100554,7870222,Oct-Dic 2017,9.002185972654718
2018,1,3574294,3981129,217460,165300,98870,8037053,Ene-Mar 2018,2.8544401087856213
2018,2,3557216,4038141,226285,194267,94535,8110444,Abr-Jun 2018,4.0582176032373765
2018,3,3521447,4238171,247366,246181,93870,8347035,Jul-Sept 2018,9.31612789181784
2018,4,3329027,4313831,388013,264299,178485,8473655,Oct-Dic 2018,56.85785435346814
2019,1,3132789,4435439,637099,276419,166389,8648135,Ene-Mar 2019,64.19527180790334
2019,2,2990457,4635575,760794,308027,265328,8960181,Abr-Jun 2019,19.41534989067633
2019,3,2909805,4800091,852221,338241,264326,9164684,Jul-Sept 2019,12.017313490905554
2019,4,2414575,4883869,941295,340144,213298,8793181,Oct-Dic 2019,10.451983699063975
2020,1,2299457,4903674,1047817,352333,209145,8812426,Ene-Mar 2020,11.31653732358081
2020,2,2295533,5005115,1106725,376667,247016,9031056,Abr-Jun 2020,5.62197406608215
2020,3,2263889,5259351,1170879,413259,248821,9356199,Jul-Sept 2020,5.7967426415776275
2020,4,2213949,5371824,1311199,421554,253036,9571562,Oct-Dic 2020,11.984158909673843
2021,1,2175211,5424782,1362976,434548,250455,9647972,Ene-Mar 2021,3.948828514969886
2021,2,2018587,5641731,1472246,476968,253552,9863084,Abr-Jun 2021,8.017015706806282
2021,3,1950631,5826257,1566048,492415,250190,10085541,Jul-Sept 2021,6.371353700400613
2021,4,1657615,5984240,2072236,523107,252596,10489794,Oct-Dic 2021,32.32263634320277
2022,1,1533240,6073426,2219533,545814,251996,10624009,Ene-Mar 2022,7.10811895942354
2022,2,1468333,5979214,2723285,556243,231609,10958684,Abr-Jun 2022,22.69630593462679
2022,3,1395277,6031970,2871541,557110,235230,11091128,Jul-Sept 2022,5.444013388242508
2022,4,1315373,6037457,3060575,572969,221740,11208114,Oct-Dic 2022,6.583015878930512
